yr,mth,market,price_type,price
2023,1,昆明,综合,22.20
2024,1,昆明,综合,29.20
2025,1,云南,综合,52.90
2025,2,云南,综合,63.80
2025,10,普洱,商业,61.10
2025,10,保山,商业,60.90
2025,10,昆明,商业,61.30
2025,10,云南,精品,114.10
2025,10,芒市,精品,70.42
2025,11,云南,商业,60.79
2025,11,云南,精品,142.47
2025,12,昆明,综合,58.10
2025,12,普洱,综合,57.90
2025,12,保山,综合,57.70
2026,1,云南,综合,54.50
2026,2,云南,综合,45.40
2026,2,昆明,综合,45.60
2026,2,普洱,综合,45.40
2026,2,保山,综合,45.20
2026,2,云南,商业,52.60
2026,2,云南,精品,142.97
2026,3,云南,综合,45.60
2026,5,云南,商业,43.73
2026,5,云南,精品,146.81
2026,7,云南,商业,43.00
2026,8,云南,商业,41.45
2026,8,云南,精品,105.66
