yr,area_wan_mu,output_wan_ton,value_yi,note
2011,91.95,6.51,\N,统计年鉴表7-19
2012,138.45,9.18,\N,统计年鉴表7-19
2013,178.50,11.60,\N,统计年鉴表7-19
2014,183.15,13.71,28.32,统计年鉴表7-19；面积近十年峰值
2015,177.00,13.91,\N,统计年鉴表7-19
2016,175.50,15.84,\N,统计年鉴表7-19
2017,166.05,16.47,\N,统计年鉴表7-19；产量历史最高
2018,149.40,15.12,20.30,统计年鉴表7-19
2019,156.75,14.50,23.00,统计年鉴表7-19
2020,149.70,13.51,21.50,统计年鉴表7-19；占全国面积83.12%/产量98.97%
2021,139.29,10.87,26.43,省农业农村厅
2022,127.30,14.30,\N,省农业农村厅
2023,114.60,14.60,\N,省厅政协答复2024-06-11；媒体约120万亩
2024,119.31,15.02,48.72,2024产业报告最终口径；早126.70/14.60
2025,151.88,17.07,86.60,热作大会2026-09-17；初146.30/13.89
